policy_name,episode,step,state,action,next_state,reward,done
random_policy,0,0,3,2,3,-1.9623681279077387,False
random_policy,0,1,3,2,3,-1.9623681279077387,False
random_policy,0,2,3,2,1,-1.9623681279077387,False
random_policy,0,3,1,1,1,-0.9119906339554068,False
random_policy,0,4,1,1,3,-0.9119906339554068,False
random_policy,0,5,3,2,0,-1.9623681279077387,False
random_policy,0,6,0,2,1,-0.14143896206015316,False
random_policy,0,7,1,1,2,-0.9119906339554068,False
random_policy,0,8,2,2,2,-1.7935590969455517,False
random_policy,0,9,2,2,1,-1.7935590969455517,True
random_policy,1,0,2,2,1,-1.7935590969455517,False
random_policy,1,1,1,1,1,-0.9119906339554068,False
random_policy,1,2,1,1,1,-0.9119906339554068,False
random_policy,1,3,1,1,1,-0.9119906339554068,False
random_policy,1,4,1,1,1,-0.9119906339554068,False
random_policy,1,5,1,1,3,-0.9119906339554068,False
random_policy,1,6,3,2,3,-1.9623681279077387,False
random_policy,1,7,3,2,2,-1.9623681279077387,False
random_policy,1,8,2,2,3,-1.7935590969455517,False
random_policy,1,9,3,2,1,-1.9623681279077387,True
random_policy,2,0,3,2,2,-1.9623681279077387,False
random_policy,2,1,2,2,0,-1.7935590969455517,False
random_policy,2,2,0,2,0,-0.14143896206015316,False
random_policy,2,3,0,2,0,-0.14143896206015316,False
random_policy,2,4,0,2,0,-0.14143896206015316,False
random_policy,2,5,0,2,2,-0.14143896206015316,False
random_policy,2,6,2,2,2,-1.7935590969455517,False
random_policy,2,7,2,2,2,-1.7935590969455517,False
random_policy,2,8,2,2,2,-1.7935590969455517,False
random_policy,2,9,2,2,1,-1.7935590969455517,True
random_policy,3,0,0,2,0,-0.14143896206015316,False
random_policy,3,1,0,2,0,-0.14143896206015316,False
random_policy,3,2,0,2,1,-0.14143896206015316,False
random_policy,3,3,1,1,1,-0.9119906339554068,False
random_policy,3,4,1,1,1,-0.9119906339554068,False
random_policy,3,5,1,1,0,-0.9119906339554068,False
random_policy,3,6,0,2,1,-0.14143896206015316,False
random_policy,3,7,1,1,0,-0.9119906339554068,False
random_policy,3,8,0,2,0,-0.14143896206015316,False
random_policy,3,9,0,2,2,-0.14143896206015316,True
random_policy,4,0,0,2,1,-0.14143896206015316,False
random_policy,4,1,1,1,2,-0.9119906339554068,False
random_policy,4,2,2,2,2,-1.7935590969455517,False
random_policy,4,3,2,2,0,-1.7935590969455517,False
random_policy,4,4,0,2,0,-0.14143896206015316,False
random_policy,4,5,0,2,0,-0.14143896206015316,False
random_policy,4,6,0,2,2,-0.14143896206015316,False
random_policy,4,7,2,2,1,-1.7935590969455517,False
random_policy,4,8,1,1,2,-0.9119906339554068,False
random_policy,4,9,2,2,0,-1.7935590969455517,True
conservative_policy,0,0,2,0,3,-1.6935590969455514,False
conservative_policy,0,1,3,0,2,-1.8623681279077382,False
conservative_policy,0,2,2,0,3,-1.6935590969455514,False
conservative_policy,0,3,3,0,3,-1.8623681279077382,False
conservative_policy,0,4,3,0,2,-1.8623681279077382,False
conservative_policy,0,5,2,0,2,-1.6935590969455514,False
conservative_policy,0,6,2,0,2,-1.6935590969455514,False
conservative_policy,0,7,2,0,1,-1.6935590969455514,False
conservative_policy,0,8,1,0,1,-0.8619906339554066,False
conservative_policy,0,9,1,0,1,-0.8619906339554066,True
conservative_policy,1,0,1,0,1,-0.8619906339554066,False
conservative_policy,1,1,1,0,1,-0.8619906339554066,False
conservative_policy,1,2,1,0,1,-0.8619906339554066,False
conservative_policy,1,3,1,0,2,-0.8619906339554066,False
conservative_policy,1,4,2,0,2,-1.6935590969455514,False
conservative_policy,1,5,2,0,1,-1.6935590969455514,False
conservative_policy,1,6,1,0,2,-0.8619906339554066,False
conservative_policy,1,7,2,0,2,-1.6935590969455514,False
conservative_policy,1,8,2,0,2,-1.6935590969455514,False
conservative_policy,1,9,2,0,3,-1.6935590969455514,True
conservative_policy,2,0,2,0,2,-1.6935590969455514,False
conservative_policy,2,1,2,0,1,-1.6935590969455514,False
conservative_policy,2,2,1,0,0,-0.8619906339554066,False
conservative_policy,2,3,0,0,0,-0.041438962060153184,False
conservative_policy,2,4,0,0,0,-0.041438962060153184,False
conservative_policy,2,5,0,0,0,-0.041438962060153184,False
conservative_policy,2,6,0,0,1,-0.041438962060153184,False
conservative_policy,2,7,1,0,1,-0.8619906339554066,False
conservative_policy,2,8,1,0,2,-0.8619906339554066,False
conservative_policy,2,9,2,0,1,-1.6935590969455514,True
conservative_policy,3,0,0,0,0,-0.041438962060153184,False
conservative_policy,3,1,0,0,0,-0.041438962060153184,False
conservative_policy,3,2,0,0,0,-0.041438962060153184,False
conservative_policy,3,3,0,0,0,-0.041438962060153184,False
conservative_policy,3,4,0,0,0,-0.041438962060153184,False
conservative_policy,3,5,0,0,1,-0.041438962060153184,False
conservative_policy,3,6,1,0,3,-0.8619906339554066,False
conservative_policy,3,7,3,0,1,-1.8623681279077382,False
conservative_policy,3,8,1,0,3,-0.8619906339554066,False
conservative_policy,3,9,3,0,3,-1.8623681279077382,True
conservative_policy,4,0,1,0,0,-0.8619906339554066,False
conservative_policy,4,1,0,0,0,-0.041438962060153184,False
conservative_policy,4,2,0,0,0,-0.041438962060153184,False
conservative_policy,4,3,0,0,1,-0.041438962060153184,False
conservative_policy,4,4,1,0,1,-0.8619906339554066,False
conservative_policy,4,5,1,0,1,-0.8619906339554066,False
conservative_policy,4,6,1,0,1,-0.8619906339554066,False
conservative_policy,4,7,1,0,1,-0.8619906339554066,False
conservative_policy,4,8,1,0,1,-0.8619906339554066,False
conservative_policy,4,9,1,0,2,-0.8619906339554066,True
aggressive_policy,0,0,1,2,1,-0.9619906339554067,False
aggressive_policy,0,1,1,2,1,-0.9619906339554067,False
aggressive_policy,0,2,1,2,2,-0.9619906339554067,False
aggressive_policy,0,3,2,2,2,-1.7935590969455517,False
aggressive_policy,0,4,2,2,3,-1.7935590969455517,False
aggressive_policy,0,5,3,2,3,-1.9623681279077387,False
aggressive_policy,0,6,3,2,3,-1.9623681279077387,False
aggressive_policy,0,7,3,2,0,-1.9623681279077387,False
aggressive_policy,0,8,0,2,0,-0.14143896206015316,False
aggressive_policy,0,9,0,2,0,-0.14143896206015316,True
aggressive_policy,1,0,3,2,0,-1.9623681279077387,False
aggressive_policy,1,1,0,2,0,-0.14143896206015316,False
aggressive_policy,1,2,0,2,1,-0.14143896206015316,False
aggressive_policy,1,3,1,2,3,-0.9619906339554067,False
aggressive_policy,1,4,3,2,3,-1.9623681279077387,False
aggressive_policy,1,5,3,2,1,-1.9623681279077387,False
aggressive_policy,1,6,1,2,2,-0.9619906339554067,False
aggressive_policy,1,7,2,2,1,-1.7935590969455517,False
aggressive_policy,1,8,1,2,2,-0.9619906339554067,False
aggressive_policy,1,9,2,2,1,-1.7935590969455517,True
aggressive_policy,2,0,1,2,3,-0.9619906339554067,False
aggressive_policy,2,1,3,2,3,-1.9623681279077387,False
aggressive_policy,2,2,3,2,3,-1.9623681279077387,False
aggressive_policy,2,3,3,2,3,-1.9623681279077387,False
aggressive_policy,2,4,3,2,2,-1.9623681279077387,False
aggressive_policy,2,5,2,2,2,-1.7935590969455517,False
aggressive_policy,2,6,2,2,3,-1.7935590969455517,False
aggressive_policy,2,7,3,2,1,-1.9623681279077387,False
aggressive_policy,2,8,1,2,1,-0.9619906339554067,False
aggressive_policy,2,9,1,2,1,-0.9619906339554067,True
aggressive_policy,3,0,3,2,2,-1.9623681279077387,False
aggressive_policy,3,1,2,2,2,-1.7935590969455517,False
aggressive_policy,3,2,2,2,1,-1.7935590969455517,False
aggressive_policy,3,3,1,2,0,-0.9619906339554067,False
aggressive_policy,3,4,0,2,0,-0.14143896206015316,False
aggressive_policy,3,5,0,2,3,-0.14143896206015316,False
aggressive_policy,3,6,3,2,1,-1.9623681279077387,False
aggressive_policy,3,7,1,2,0,-0.9619906339554067,False
aggressive_policy,3,8,0,2,0,-0.14143896206015316,False
aggressive_policy,3,9,0,2,1,-0.14143896206015316,True
aggressive_policy,4,0,2,2,0,-1.7935590969455517,False
aggressive_policy,4,1,0,2,2,-0.14143896206015316,False
aggressive_policy,4,2,2,2,2,-1.7935590969455517,False
aggressive_policy,4,3,2,2,1,-1.7935590969455517,False
aggressive_policy,4,4,1,2,0,-0.9619906339554067,False
aggressive_policy,4,5,0,2,0,-0.14143896206015316,False
aggressive_policy,4,6,0,2,0,-0.14143896206015316,False
aggressive_policy,4,7,0,2,0,-0.14143896206015316,False
aggressive_policy,4,8,0,2,0,-0.14143896206015316,False
aggressive_policy,4,9,0,2,1,-0.14143896206015316,True
v2_tabular_q_policy,0,0,3,2,1,-1.9623681279077387,False
v2_tabular_q_policy,0,1,1,2,2,-0.9619906339554067,False
v2_tabular_q_policy,0,2,2,1,1,-1.7435590969455517,False
v2_tabular_q_policy,0,3,1,2,1,-0.9619906339554067,False
v2_tabular_q_policy,0,4,1,2,0,-0.9619906339554067,False
v2_tabular_q_policy,0,5,0,0,1,-0.041438962060153184,False
v2_tabular_q_policy,0,6,1,2,2,-0.9619906339554067,False
v2_tabular_q_policy,0,7,2,1,2,-1.7435590969455517,False
v2_tabular_q_policy,0,8,2,1,3,-1.7435590969455517,False
v2_tabular_q_policy,0,9,3,2,3,-1.9623681279077387,True
v2_tabular_q_policy,1,0,3,2,1,-1.9623681279077387,False
v2_tabular_q_policy,1,1,1,2,1,-0.9619906339554067,False
v2_tabular_q_policy,1,2,1,2,2,-0.9619906339554067,False
v2_tabular_q_policy,1,3,2,1,3,-1.7435590969455517,False
v2_tabular_q_policy,1,4,3,2,3,-1.9623681279077387,False
v2_tabular_q_policy,1,5,3,2,1,-1.9623681279077387,False
v2_tabular_q_policy,1,6,1,2,2,-0.9619906339554067,False
v2_tabular_q_policy,1,7,2,1,1,-1.7435590969455517,False
v2_tabular_q_policy,1,8,1,2,3,-0.9619906339554067,False
v2_tabular_q_policy,1,9,3,2,1,-1.9623681279077387,True
v2_tabular_q_policy,2,0,1,2,1,-0.9619906339554067,False
v2_tabular_q_policy,2,1,1,2,3,-0.9619906339554067,False
v2_tabular_q_policy,2,2,3,2,2,-1.9623681279077387,False
v2_tabular_q_policy,2,3,2,1,1,-1.7435590969455517,False
v2_tabular_q_policy,2,4,1,2,1,-0.9619906339554067,False
v2_tabular_q_policy,2,5,1,2,1,-0.9619906339554067,False
v2_tabular_q_policy,2,6,1,2,1,-0.9619906339554067,False
v2_tabular_q_policy,2,7,1,2,2,-0.9619906339554067,False
v2_tabular_q_policy,2,8,2,1,1,-1.7435590969455517,False
v2_tabular_q_policy,2,9,1,2,1,-0.9619906339554067,True
v2_tabular_q_policy,3,0,3,2,3,-1.9623681279077387,False
v2_tabular_q_policy,3,1,3,2,2,-1.9623681279077387,False
v2_tabular_q_policy,3,2,2,1,1,-1.7435590969455517,False
v2_tabular_q_policy,3,3,1,2,0,-0.9619906339554067,False
v2_tabular_q_policy,3,4,0,0,0,-0.041438962060153184,False
v2_tabular_q_policy,3,5,0,0,0,-0.041438962060153184,False
v2_tabular_q_policy,3,6,0,0,0,-0.041438962060153184,False
v2_tabular_q_policy,3,7,0,0,1,-0.041438962060153184,False
v2_tabular_q_policy,3,8,1,2,2,-0.9619906339554067,False
v2_tabular_q_policy,3,9,2,1,3,-1.7435590969455517,True
v2_tabular_q_policy,4,0,0,0,0,-0.041438962060153184,False
v2_tabular_q_policy,4,1,0,0,0,-0.041438962060153184,False
v2_tabular_q_policy,4,2,0,0,0,-0.041438962060153184,False
v2_tabular_q_policy,4,3,0,0,1,-0.041438962060153184,False
v2_tabular_q_policy,4,4,1,2,1,-0.9619906339554067,False
v2_tabular_q_policy,4,5,1,2,2,-0.9619906339554067,False
v2_tabular_q_policy,4,6,2,1,1,-1.7435590969455517,False
v2_tabular_q_policy,4,7,1,2,0,-0.9619906339554067,False
v2_tabular_q_policy,4,8,0,0,1,-0.041438962060153184,False
v2_tabular_q_policy,4,9,1,2,3,-0.9619906339554067,True
v2_dqn_policy,0,0,0,0,0,-0.041438962060153184,False
v2_dqn_policy,0,1,0,0,1,-0.041438962060153184,False
v2_dqn_policy,0,2,1,0,0,-0.8619906339554066,False
v2_dqn_policy,0,3,0,0,0,-0.041438962060153184,False
v2_dqn_policy,0,4,0,0,2,-0.041438962060153184,False
v2_dqn_policy,0,5,2,2,0,-1.7935590969455517,False
v2_dqn_policy,0,6,0,0,0,-0.041438962060153184,False
v2_dqn_policy,0,7,0,0,2,-0.041438962060153184,False
v2_dqn_policy,0,8,2,2,2,-1.7935590969455517,False
v2_dqn_policy,0,9,2,2,1,-1.7935590969455517,True
v2_dqn_policy,1,0,0,0,0,-0.041438962060153184,False
v2_dqn_policy,1,1,0,0,1,-0.041438962060153184,False
v2_dqn_policy,1,2,1,0,1,-0.8619906339554066,False
v2_dqn_policy,1,3,1,0,0,-0.8619906339554066,False
v2_dqn_policy,1,4,0,0,1,-0.041438962060153184,False
v2_dqn_policy,1,5,1,0,2,-0.8619906339554066,False
v2_dqn_policy,1,6,2,2,2,-1.7935590969455517,False
v2_dqn_policy,1,7,2,2,3,-1.7935590969455517,False
v2_dqn_policy,1,8,3,2,2,-1.9623681279077387,False
v2_dqn_policy,1,9,2,2,3,-1.7935590969455517,True
v2_dqn_policy,2,0,0,0,1,-0.041438962060153184,False
v2_dqn_policy,2,1,1,0,1,-0.8619906339554066,False
v2_dqn_policy,2,2,1,0,1,-0.8619906339554066,False
v2_dqn_policy,2,3,1,0,2,-0.8619906339554066,False
v2_dqn_policy,2,4,2,2,1,-1.7935590969455517,False
v2_dqn_policy,2,5,1,0,2,-0.8619906339554066,False
v2_dqn_policy,2,6,2,2,3,-1.7935590969455517,False
v2_dqn_policy,2,7,3,2,1,-1.9623681279077387,False
v2_dqn_policy,2,8,1,0,1,-0.8619906339554066,False
v2_dqn_policy,2,9,1,0,1,-0.8619906339554066,True
v2_dqn_policy,3,0,0,0,0,-0.041438962060153184,False
v2_dqn_policy,3,1,0,0,2,-0.041438962060153184,False
v2_dqn_policy,3,2,2,2,1,-1.7935590969455517,False
v2_dqn_policy,3,3,1,0,0,-0.8619906339554066,False
v2_dqn_policy,3,4,0,0,1,-0.041438962060153184,False
v2_dqn_policy,3,5,1,0,1,-0.8619906339554066,False
v2_dqn_policy,3,6,1,0,3,-0.8619906339554066,False
v2_dqn_policy,3,7,3,2,1,-1.9623681279077387,False
v2_dqn_policy,3,8,1,0,0,-0.8619906339554066,False
v2_dqn_policy,3,9,0,0,0,-0.041438962060153184,True
v2_dqn_policy,4,0,1,0,1,-0.8619906339554066,False
v2_dqn_policy,4,1,1,0,3,-0.8619906339554066,False
v2_dqn_policy,4,2,3,2,2,-1.9623681279077387,False
v2_dqn_policy,4,3,2,2,1,-1.7935590969455517,False
v2_dqn_policy,4,4,1,0,0,-0.8619906339554066,False
v2_dqn_policy,4,5,0,0,0,-0.041438962060153184,False
v2_dqn_policy,4,6,0,0,3,-0.041438962060153184,False
v2_dqn_policy,4,7,3,2,2,-1.9623681279077387,False
v2_dqn_policy,4,8,2,2,2,-1.7935590969455517,False
v2_dqn_policy,4,9,2,2,0,-1.7935590969455517,True
v2_double_q_policy,0,0,2,0,3,-1.6935590969455514,False
v2_double_q_policy,0,1,3,1,1,-1.9123681279077385,False
v2_double_q_policy,0,2,1,1,0,-0.9119906339554068,False
v2_double_q_policy,0,3,0,2,0,-0.14143896206015316,False
v2_double_q_policy,0,4,0,2,0,-0.14143896206015316,False
v2_double_q_policy,0,5,0,2,1,-0.14143896206015316,False
v2_double_q_policy,0,6,1,1,0,-0.9119906339554068,False
v2_double_q_policy,0,7,0,2,2,-0.14143896206015316,False
v2_double_q_policy,0,8,2,0,3,-1.6935590969455514,False
v2_double_q_policy,0,9,3,1,0,-1.9123681279077385,True
v2_double_q_policy,1,0,1,1,1,-0.9119906339554068,False
v2_double_q_policy,1,1,1,1,0,-0.9119906339554068,False
v2_double_q_policy,1,2,0,2,0,-0.14143896206015316,False
v2_double_q_policy,1,3,0,2,0,-0.14143896206015316,False
v2_double_q_policy,1,4,0,2,0,-0.14143896206015316,False
v2_double_q_policy,1,5,0,2,0,-0.14143896206015316,False
v2_double_q_policy,1,6,0,2,2,-0.14143896206015316,False
v2_double_q_policy,1,7,2,0,1,-1.6935590969455514,False
v2_double_q_policy,1,8,1,1,0,-0.9119906339554068,False
v2_double_q_policy,1,9,0,2,1,-0.14143896206015316,True
v2_double_q_policy,2,0,2,0,3,-1.6935590969455514,False
v2_double_q_policy,2,1,3,1,3,-1.9123681279077385,False
v2_double_q_policy,2,2,3,1,1,-1.9123681279077385,False
v2_double_q_policy,2,3,1,1,3,-0.9119906339554068,False
v2_double_q_policy,2,4,3,1,2,-1.9123681279077385,False
v2_double_q_policy,2,5,2,0,3,-1.6935590969455514,False
v2_double_q_policy,2,6,3,1,2,-1.9123681279077385,False
v2_double_q_policy,2,7,2,0,1,-1.6935590969455514,False
v2_double_q_policy,2,8,1,1,2,-0.9119906339554068,False
v2_double_q_policy,2,9,2,0,2,-1.6935590969455514,True
v2_double_q_policy,3,0,3,1,3,-1.9123681279077385,False
v2_double_q_policy,3,1,3,1,1,-1.9123681279077385,False
v2_double_q_policy,3,2,1,1,0,-0.9119906339554068,False
v2_double_q_policy,3,3,0,2,1,-0.14143896206015316,False
v2_double_q_policy,3,4,1,1,0,-0.9119906339554068,False
v2_double_q_policy,3,5,0,2,2,-0.14143896206015316,False
v2_double_q_policy,3,6,2,0,1,-1.6935590969455514,False
v2_double_q_policy,3,7,1,1,2,-0.9119906339554068,False
v2_double_q_policy,3,8,2,0,2,-1.6935590969455514,False
v2_double_q_policy,3,9,2,0,1,-1.6935590969455514,True
v2_double_q_policy,4,0,2,0,3,-1.6935590969455514,False
v2_double_q_policy,4,1,3,1,3,-1.9123681279077385,False
v2_double_q_policy,4,2,3,1,3,-1.9123681279077385,False
v2_double_q_policy,4,3,3,1,2,-1.9123681279077385,False
v2_double_q_policy,4,4,2,0,2,-1.6935590969455514,False
v2_double_q_policy,4,5,2,0,2,-1.6935590969455514,False
v2_double_q_policy,4,6,2,0,2,-1.6935590969455514,False
v2_double_q_policy,4,7,2,0,3,-1.6935590969455514,False
v2_double_q_policy,4,8,3,1,1,-1.9123681279077385,False
v2_double_q_policy,4,9,1,1,1,-0.9119906339554068,True
